{"stats":{"minecraft:picked_up":{"minecraft:arrow":1,"minecraft:rotten_flesh":2,"minecraft:wheat_seeds":1,"minecraft:diamond_sword":1,"minecraft:gunpowder":2,"minecraft:dirt":39,"minecraft:spider_eye":1,"minecraft:snowball":43,"minecraft:string":1},"minecraft:killed":{"minecraft:spider":4,"minecraft:zombie":1,"minecraft:creeper":1},"minecraft:dropped":{"minecraft:diamond_sword":1,"minecraft:gunpowder":1},"minecraft:mined":{"minecraft:grass":11,"minecraft:grass_block":26,"minecraft:dirt":5},"minecraft:custom":{"minecraft:time_since_rest":39276,"minecraft:play_time":45345,"minecraft:crouch_one_cm":2995,"minecraft:sprint_one_cm":31848,"minecraft:damage_taken":710,"minecraft:walk_one_cm":31045,"minecraft:deaths":1,"minecraft:sneak_time":795,"minecraft:mob_kills":5,"minecraft:drop":2,"minecraft:jump":356,"minecraft:damage_dealt":1005,"minecraft:leave_game":12,"minecraft:time_since_death":39199,"minecraft:total_world_time":45345,"minecraft:fly_one_cm":47639,"minecraft:fall_one_cm":3707},"minecraft:killed_by":{"minecraft:zombie":1},"minecraft:used":{"handcrafted:acacia_couch":1,"handcrafted:stackable_book":23,"minecraft:diamond_sword":16,"minecraft:dirt":39,"minecraft:snow":61,"minecraft:grass_block":41,"minecraft:snowball":23}},"DataVersion":3120}