{"stats":{"minecraft:mined":{"minecraft:dandelion":1,"minecraft:oak_fence":1,"minecraft:grass":19,"minecraft:grass_block":28,"minecraft:dirt":5,"minecraft:stone":6},"minecraft:crafted":{"minecraft:crafting_table":1,"minecraft:stick":8,"minecraft:spruce_planks":256,"minecraft:wooden_pickaxe":1,"minecraft:stone_pickaxe":1,"minecraft:torch":4,"minecraft:stone_axe":1},"minecraft:custom":{"minecraft:time_since_rest":17986,"minecraft:sprint_one_cm":64955,"minecraft:damage_taken":2170,"minecraft:walk_one_cm":64986,"minecraft:mob_kills":7,"minecraft:drop":5,"minecraft:damage_dealt":1396,"minecraft:interact_with_crafting_table":5,"minecraft:fly_one_cm":91574,"minecraft:open_chest":10,"minecraft:crouch_one_cm":3214,"minecraft:play_time":94674,"minecraft:deaths":3,"minecraft:sneak_time":921,"minecraft:jump":723,"minecraft:leave_game":17,"minecraft:walk_on_water_one_cm":607,"minecraft:time_since_death":17593,"minecraft:total_world_time":94674,"minecraft:fall_one_cm":10016},"minecraft:picked_up":{"minecraft:oak_fence":1,"minecraft:diamond_sword":1,"minecraft:dandelion":1,"minecraft:gunpowder":2,"minecraft:string":1,"minecraft:spider_eye":1,"minecraft:dirt":54,"minecraft:arrow":3,"minecraft:rotten_flesh":6,"minecraft:wheat_seeds":3,"minecraft:coal":1,"minecraft:snowball":43,"minecraft:cobblestone":6},"minecraft:killed_by":{"minecraft:zombie":3},"minecraft:killed":{"minecraft:zombie":1,"minecraft:spider":4,"minecraft:creeper":1},"minecraft:used":{"minecraft:oak_fence":19,"minecraft:grass_block":41,"minecraft:stone_pickaxe":6,"minecraft:pig_spawn_egg":4,"minecraft:chest":2,"minecraft:wooden_pickaxe":3,"minecraft:rotten_flesh":4,"minecraft:stone_axe":1,"minecraft:spruce_leaves":1,"minecraft:torch":2,"minecraft:diamond_sword":16,"minecraft:dirt":41,"minecraft:snow":61,"minecraft:crafting_table":1,"minecraft:cooked_porkchop":3,"minecraft:dandelion":1,"minecraft:snowball":23},"minecraft:dropped":{"minecraft:diamond_sword":1,"minecraft:wheat_seeds":1,"minecraft:gunpowder":1,"minecraft:cooked_porkchop":32,"minecraft:wooden_pickaxe":1}},"DataVersion":3120}