{"stats":{"minecraft:mined":{"minecraft:grass":1,"minecraft:grass_block":14,"minecraft:dirt":1},"minecraft:used":{"minecraft:dirt":13},"minecraft:killed_by":{"minecraft:zombie":1},"minecraft:picked_up":{"minecraft:dirt":13},"minecraft:custom":{"minecraft:jump":152,"minecraft:damage_dealt":105,"minecraft:time_since_rest":4891,"minecraft:damage_taken":350,"minecraft:leave_game":5,"minecraft:crouch_one_cm":98,"minecraft:play_time":10960,"minecraft:sprint_one_cm":7883,"minecraft:time_since_death":4814,"minecraft:walk_one_cm":6657,"minecraft:deaths":1,"minecraft:sneak_time":110,"minecraft:total_world_time":10960,"minecraft:fall_one_cm":1588,"minecraft:fly_one_cm":15604}},"DataVersion":3120}