{"stats":{"minecraft:used":{"minecraft:oak_fence":19,"minecraft:grass_block":41,"minecraft:pig_spawn_egg":4,"minecraft:chest":2,"minecraft:rotten_flesh":3,"minecraft:spruce_leaves":1,"minecraft:diamond_sword":16,"minecraft:dirt":41,"minecraft:snow":61,"minecraft:cooked_porkchop":2,"minecraft:dandelion":1,"minecraft:snowball":23},"minecraft:dropped":{"minecraft:diamond_sword":1,"minecraft:gunpowder":1},"minecraft:mined":{"minecraft:dandelion":1,"minecraft:oak_fence":1,"minecraft:grass":19,"minecraft:grass_block":28,"minecraft:dirt":5},"minecraft:killed_by":{"minecraft:zombie":3},"minecraft:killed":{"minecraft:zombie":1,"minecraft:spider":4,"minecraft:creeper":1},"minecraft:picked_up":{"minecraft:oak_fence":1,"minecraft:diamond_sword":1,"minecraft:dandelion":1,"minecraft:gunpowder":2,"minecraft:string":1,"minecraft:spider_eye":1,"minecraft:dirt":54,"minecraft:arrow":1,"minecraft:rotten_flesh":5,"minecraft:wheat_seeds":3,"minecraft:snowball":43},"minecraft:custom":{"minecraft:time_since_rest":11073,"minecraft:sprint_one_cm":52329,"minecraft:damage_taken":2120,"minecraft:walk_one_cm":54299,"minecraft:mob_kills":7,"minecraft:drop":2,"minecraft:damage_dealt":1247,"minecraft:fly_one_cm":78549,"minecraft:open_chest":5,"minecraft:crouch_one_cm":3145,"minecraft:play_time":87761,"minecraft:deaths":3,"minecraft:sneak_time":856,"minecraft:jump":599,"minecraft:leave_game":16,"minecraft:time_since_death":10680,"minecraft:total_world_time":87761,"minecraft:fall_one_cm":7134}},"DataVersion":3120}