{"stats":{"minecraft:used":{"minecraft:oak_fence":19,"minecraft:stone_pickaxe":374,"minecraft:chest":6,"minecraft:spruce_planks":161,"minecraft:wooden_pickaxe":3,"minecraft:rotten_flesh":4,"minecraft:iron_chestplate":1,"minecraft:spruce_leaves":1,"minecraft:torch":29,"minecraft:dirt":46,"minecraft:crafting_table":2,"minecraft:spruce_stairs":49,"minecraft:dripstone_block":28,"minecraft:snowball":23,"minecraft:grass_block":41,"minecraft:pig_spawn_egg":4,"minecraft:stone_axe":25,"minecraft:diamond_sword":16,"minecraft:cobblestone":28,"minecraft:snow":61,"minecraft:furnace":2,"minecraft:cooked_porkchop":7,"minecraft:dandelion":1},"minecraft:broken":{"minecraft:stone_pickaxe":2},"minecraft:crafted":{"minecraft:crafting_table":1,"minecraft:spruce_planks":324,"minecraft:wooden_pickaxe":1,"minecraft:furnace":2,"minecraft:stone_axe":1,"minecraft:spruce_stairs":32,"minecraft:stick":16,"minecraft:stone_pickaxe":3,"minecraft:chest":4,"minecraft:torch":36},"minecraft:dropped":{"minecraft:wheat_seeds":1,"minecraft:cooked_porkchop":32,"minecraft:diamond_sword":1,"minecraft:gunpowder":1,"minecraft:spruce_planks":64,"minecraft:wooden_pickaxe":1},"minecraft:mined":{"minecraft:spruce_planks":3,"minecraft:dandelion":1,"minecraft:oak_fence":1,"minecraft:crafting_table":1,"minecraft:grass_block":29,"minecraft:copper_ore":9,"minecraft:cobblestone":5,"minecraft:spruce_leaves":7,"minecraft:wall_torch":1,"minecraft:spruce_stairs":17,"minecraft:grass":19,"minecraft:pointed_dripstone":14,"minecraft:coal_ore":44,"minecraft:dirt_path":1,"minecraft:dirt":17,"minecraft:dripstone_block":50,"minecraft:stone":251},"minecraft:killed_by":{"minecraft:zombie":3},"minecraft:killed":{"minecraft:spider":5,"minecraft:creeper":1,"minecraft:zombie":1},"minecraft:picked_up":{"minecraft:iron_chestplate":1,"minecraft:crafting_table":1,"minecraft:diamond_sword":1,"minecraft:gunpowder":2,"minecraft:string":1,"minecraft:dirt":67,"minecraft:raw_copper":34,"minecraft:wheat_seeds":3,"minecraft:spruce_planks":3,"minecraft:oak_fence":1,"minecraft:torch":6,"minecraft:dandelion":1,"minecraft:spruce_stairs":17,"minecraft:dripstone_block":47,"minecraft:pointed_dripstone":30,"minecraft:spider_eye":2,"minecraft:arrow":3,"minecraft:rotten_flesh":6,"minecraft:coal":45,"minecraft:snowball":43,"minecraft:cobblestone":253},"minecraft:custom":{"minecraft:mob_kills":8,"minecraft:interact_with_crafting_table":19,"minecraft:leave_game":18,"minecraft:time_since_death":85712,"minecraft:time_since_rest":86105,"minecraft:sprint_one_cm":138815,"minecraft:damage_taken":2630,"minecraft:walk_one_cm":173596,"minecraft:drop":69,"minecraft:damage_dealt":1566,"minecraft:swim_one_cm":5489,"minecraft:talked_to_villager":2,"minecraft:fly_one_cm":126888,"minecraft:open_chest":18,"minecraft:crouch_one_cm":11679,"minecraft:play_time":162793,"minecraft:deaths":3,"minecraft:sneak_time":2999,"minecraft:walk_under_water_one_cm":3365,"minecraft:jump":1067,"minecraft:walk_on_water_one_cm":3561,"minecraft:total_world_time":162793,"minecraft:fall_one_cm":18313}},"DataVersion":3120}