{"stats":{"minecraft:dropped":{"minecraft:diamond_sword":1,"minecraft:gunpowder":1},"minecraft:mined":{"minecraft:grass":18,"minecraft:grass_block":27,"minecraft:dirt":5,"minecraft:dandelion":1},"minecraft:killed_by":{"minecraft:zombie":2},"minecraft:used":{"minecraft:oak_fence":18,"minecraft:spruce_leaves":1,"minecraft:diamond_sword":16,"minecraft:dirt":40,"minecraft:snow":61,"minecraft:grass_block":41,"minecraft:cooked_porkchop":2,"minecraft:pig_spawn_egg":4,"minecraft:chest":2,"minecraft:snowball":23},"minecraft:picked_up":{"minecraft:arrow":1,"minecraft:rotten_flesh":2,"minecraft:wheat_seeds":2,"minecraft:diamond_sword":1,"minecraft:gunpowder":2,"minecraft:dirt":53,"minecraft:spider_eye":1,"minecraft:snowball":43,"minecraft:string":1},"minecraft:custom":{"minecraft:open_chest":3,"minecraft:time_since_rest":16033,"minecraft:play_time":75744,"minecraft:crouch_one_cm":3145,"minecraft:sprint_one_cm":47626,"minecraft:damage_taken":1610,"minecraft:walk_one_cm":47491,"minecraft:deaths":2,"minecraft:sneak_time":856,"minecraft:mob_kills":5,"minecraft:drop":2,"minecraft:jump":511,"minecraft:damage_dealt":1065,"minecraft:leave_game":15,"minecraft:time_since_death":7817,"minecraft:total_world_time":75744,"minecraft:fly_one_cm":72511,"minecraft:fall_one_cm":5553},"minecraft:killed":{"minecraft:spider":4,"minecraft:zombie":1,"minecraft:creeper":1}},"DataVersion":3120}