{"stats":{"minecraft:mined":{"minecraft:grass":1,"minecraft:grass_block":16,"minecraft:dirt":5},"minecraft:used":{"minecraft:dirt":19},"minecraft:killed_by":{"minecraft:zombie":1},"minecraft:picked_up":{"minecraft:arrow":1,"minecraft:snowball":20,"minecraft:dirt":19},"minecraft:custom":{"minecraft:jump":221,"minecraft:damage_dealt":125,"minecraft:time_since_rest":15766,"minecraft:damage_taken":650,"minecraft:leave_game":9,"minecraft:crouch_one_cm":250,"minecraft:play_time":21835,"minecraft:sprint_one_cm":17681,"minecraft:time_since_death":15689,"minecraft:walk_one_cm":11234,"minecraft:deaths":1,"minecraft:sneak_time":235,"minecraft:total_world_time":21835,"minecraft:fall_one_cm":3289,"minecraft:fly_one_cm":28649}},"DataVersion":3120}