{"stats":{"minecraft:mined":{"minecraft:spruce_log":7,"minecraft:grass":3,"minecraft:grass_block":4,"minecraft:coal_ore":10,"minecraft:dirt":4,"minecraft:cobblestone":2,"minecraft:spruce_leaves":2,"minecraft:stone":39},"minecraft:crafted":{"minecraft:crafting_table":1,"minecraft:spruce_planks":28,"minecraft:stick":8,"minecraft:wooden_pickaxe":1,"minecraft:stone_pickaxe":1,"minecraft:stone_axe":1},"minecraft:custom":{"minecraft:time_since_rest":121,"minecraft:sprint_one_cm":17845,"minecraft:damage_taken":250,"minecraft:walk_one_cm":16079,"minecraft:mob_kills":2,"minecraft:drop":2,"minecraft:damage_dealt":298,"minecraft:interact_with_crafting_table":3,"minecraft:fly_one_cm":29818,"minecraft:open_chest":3,"minecraft:crouch_one_cm":1820,"minecraft:play_time":8817,"minecraft:deaths":1,"minecraft:sneak_time":755,"minecraft:jump":221,"minecraft:time_since_death":91,"minecraft:walk_on_water_one_cm":631,"minecraft:total_world_time":8817,"minecraft:fall_one_cm":5119},"minecraft:picked_up":{"minecraft:cooked_porkchop":32,"minecraft:wooden_pickaxe":1,"minecraft:spruce_log":7,"minecraft:dirt":20,"minecraft:spider_eye":2,"minecraft:string":2,"minecraft:coal":9,"minecraft:snowball":23,"minecraft:cobblestone":40},"minecraft:killed_by":{"minecraft:witch":1},"minecraft:used":{"minecraft:stone_pickaxe":45,"minecraft:wooden_pickaxe":10,"minecraft:stone_axe":3,"minecraft:dirt":20,"minecraft:cobblestone":2,"minecraft:crafting_table":1,"minecraft:cooked_porkchop":2,"minecraft:snowball":23},"minecraft:killed":{"minecraft:zombie":1},"minecraft:dropped":{"minecraft:spider_eye":1,"minecraft:wooden_pickaxe":1}},"DataVersion":3120}