{"stats":{"minecraft:used":{"minecraft:azalea":1,"minecraft:moss_carpet":2,"minecraft:water_bucket":72,"minecraft:stone_pickaxe":87,"minecraft:spruce_planks":27,"minecraft:shield":7,"minecraft:wooden_pickaxe":12,"minecraft:diamond_axe":32,"minecraft:iron_chestplate":1,"minecraft:torch":5,"minecraft:dirt":23,"minecraft:crafting_table":7,"minecraft:dripstone_block":2,"minecraft:snowball":23,"minecraft:diamond_pickaxe":105,"minecraft:apple":19,"minecraft:iron_pickaxe":68,"minecraft:gravel":2,"minecraft:stone_axe":83,"minecraft:cobblestone":24,"minecraft:magma_block":8,"minecraft:furnace":2,"minecraft:cooked_porkchop":6,"minecraft:bucket":78,"minecraft:tropical_fish_bucket":5,"minecraft:cobbled_deepslate":35},"minecraft:broken":{"minecraft:stone_axe":1},"minecraft:crafted":{"minecraft:oak_planks":8,"minecraft:diamond_axe":1,"minecraft:crafting_table":5,"minecraft:spruce_planks":28,"minecraft:enchanting_table":1,"minecraft:wooden_pickaxe":2,"minecraft:furnace":1,"minecraft:bucket":1,"minecraft:stone_axe":2,"minecraft:air":0,"minecraft:book":1,"minecraft:paper":3,"minecraft:golden_apple":1,"minecraft:diamond_pickaxe":1,"minecraft:shield":1,"minecraft:stick":24,"minecraft:iron_ingot":11,"minecraft:iron_pickaxe":1,"minecraft:stone_pickaxe":2,"minecraft:gold_ingot":8,"minecraft:torch":4},"minecraft:dropped":{"minecraft:furnace":2,"minecraft:pointed_dripstone":1,"minecraft:cobblestone":3,"minecraft:rotten_flesh":1,"minecraft:apple":2,"minecraft:granite":4,"minecraft:gunpowder":5,"minecraft:iron_chestplate":1,"minecraft:spider_eye":1,"minecraft:arrow":2,"minecraft:wooden_pickaxe":1,"minecraft:string":1,"minecraft:enchanting_table":1,"minecraft:bone":1},"minecraft:mined":{"minecraft:diamond_ore":1,"minecraft:spruce_planks":27,"minecraft:deepslate_diamond_ore":13,"minecraft:obsidian":14,"minecraft:crafting_table":2,"minecraft:torch":1,"minecraft:granite":2,"minecraft:grass_block":4,"minecraft:cobblestone":2,"minecraft:spruce_leaves":3,"minecraft:deepslate_gold_ore":27,"minecraft:sugar_cane":18,"minecraft:spawner":1,"minecraft:magma_block":9,"minecraft:furnace":2,"minecraft:cobbled_deepslate":1,"minecraft:iron_ore":39,"minecraft:spruce_log":7,"minecraft:oak_log":2,"minecraft:grass":6,"minecraft:pointed_dripstone":4,"minecraft:coal_ore":17,"minecraft:deepslate_iron_ore":10,"minecraft:gravel":3,"minecraft:dripstone_block":6,"minecraft:dirt":7,"minecraft:stone":78,"minecraft:oak_leaves":2,"minecraft:deepslate":42},"minecraft:killed_by":{"minecraft:witch":1},"minecraft:killed":{"minecraft:wolf":4,"minecraft:spider":4,"minecraft:bat":1,"minecraft:creeper":4,"minecraft:skeleton":5,"minecraft:zombie":17,"minecraft:drowned":1,"minecraft:cow":3},"minecraft:picked_up":{"minecraft:enchanting_table":1,"minecraft:crafting_table":2,"minecraft:magma_block":8,"minecraft:leather":3,"minecraft:wooden_pickaxe":1,"minecraft:flint":1,"minecraft:oak_log":2,"minecraft:gunpowder":5,"minecraft:dirt":23,"minecraft:string":6,"minecraft:moss_carpet":2,"minecraft:bone":5,"minecraft:apple":2,"minecraft:cobbled_deepslate":37,"minecraft:raw_gold":26,"minecraft:spruce_planks":91,"minecraft:beef":5,"minecraft:iron_ingot":1,"minecraft:azalea":1,"minecraft:sugar_cane":22,"minecraft:furnace":4,"minecraft:raw_iron":47,"minecraft:cooked_porkchop":32,"minecraft:torch":1,"minecraft:dripstone_block":2,"minecraft:gravel":2,"minecraft:pointed_dripstone":1,"minecraft:spruce_log":7,"minecraft:spider_eye":3,"minecraft:arrow":6,"minecraft:rotten_flesh":9,"minecraft:diamond":13,"minecraft:granite":4,"minecraft:obsidian":14,"minecraft:snowball":23,"minecraft:coal":16,"minecraft:cobblestone":79},"minecraft:custom":{"minecraft:interact_with_furnace":7,"minecraft:mob_kills":40,"minecraft:interact_with_crafting_table":18,"minecraft:leave_game":1,"minecraft:time_since_death":68310,"minecraft:time_since_rest":68340,"minecraft:sprint_one_cm":166985,"minecraft:damage_taken":1830,"minecraft:walk_one_cm":111960,"minecraft:damage_blocked_by_shield":210,"minecraft:drop":22,"minecraft:damage_dealt":6875,"minecraft:talked_to_villager":1,"minecraft:fly_one_cm":320322,"minecraft:swim_one_cm":67378,"minecraft:open_chest":21,"minecraft:crouch_one_cm":7347,"minecraft:play_time":77036,"minecraft:deaths":1,"minecraft:sneak_time":6508,"minecraft:walk_under_water_one_cm":59997,"minecraft:jump":1892,"minecraft:walk_on_water_one_cm":36491,"minecraft:total_world_time":77036,"minecraft:fall_one_cm":62387}},"DataVersion":3120}